NOM_USUEL;AAAAMM;RR;RR_ME;UMM;INST;TM
NICE;202001;21.6;;65.0;9125.0;11.0
NICE;202002;0.0;;63.0;10897.0;12.3
NICE;202003;72.6;;67.0;10569.0;12.0
NICE;202004;79.5;;65.0;15118.0;15.0
NICE;202005;77.9;;72.0;15850.0;18.9
NICE;202006;86.4;;72.0;18704.0;21.1
NICE;202007;2.6;;71.0;19673.0;24.8
NICE;202008;6.0;;66.0;19741.0;25.8
NICE;202009;78.9;;62.0;14502.0;22.6
NICE;202010;138.4;;73.0;10707.0;16.1
NICE;202011;2.4;;71.0;10633.0;14.8
NICE;202012;149.4;;73.0;6250.0;9.8
NICE;202101;101.9;;69.0;7199.0;8.8
NICE;202102;59.9;;74.0;8857.0;11.3
NICE;202103;8.4;;64.0;14698.0;12.0
NICE;202104;122.6;;70.0;11196.0;13.3
NICE;202105;38.0;;71.0;15806.0;17.2
NICE;202106;2.4;;72.0;18735.0;22.8
NICE;202107;4.6;;72.0;20236.0;24.3
NICE;202108;45.7;;66.0;19519.0;24.8
NICE;202109;47.3;;68.0;15033.0;22.7
NICE;202110;42.6;;67.0;12768.0;17.7
NICE;202111;84.0;;66.0;8849.0;13.8
NICE;202112;48.6;;62.0;10229.0;10.4
NICE;202201;11.3;;61.0;12782.0;9.6
NICE;202202;26.8;;64.0;12668.0;11.0
NICE;202203;18.9;;60.0;10273.0;11.8
NICE;202204;26.1;;64.0;15226.0;14.4
NICE;202205;2.2;;72.0;18047.0;19.7
NICE;202206;22.6;;68.0;20801.0;24.1
NICE;202207;0.6;;65.0;24111.0;27.1
NICE;202208;12.1;;62.0;19039.0;26.5
NICE;202209;40.5;;60.0;15389.0;22.7
NICE;202210;109.7;;74.0;13501.0;19.6
NICE;202211;82.7;;65.0;9854.0;14.9
NICE;202212;112.4;;74.0;6730.0;11.1
NICE;202301;45.2;;60.0;9335.0;10.3
NICE;202302;11.1;;63.0;9399.0;10.3
NICE;202303;1.4;;64.0;15663.0;13.4
NICE;202304;19.7;;66.0;16171.0;14.8
NICE;202305;38.8;;69.0;15843.0;18.8
NICE;202306;19.8;;72.0;16627.0;23.3
NICE;202307;2.8;;67.0;22412.0;26.2
NICE;202308;24.0;;62.0;20066.0;25.4
NICE;202309;43.7;;65.0;16766.0;23.3
NICE;202310;104.8;;70.0;12556.0;20.2
NICE;202311;29.0;;60.0;11427.0;13.5
NICE;202312;63.0;;68.0;9240.0;11.2
NICE-RIMIEZ;202001;24.2;;64.0;;9.8
NICE-RIMIEZ;202002;1.8;;60.0;;11.0
NICE-RIMIEZ;202003;83.6;;63.0;;10.8
NICE-RIMIEZ;202004;42.7;;58.0;;14.0
NICE-RIMIEZ;202005;91.4;;65.0;;17.8
NICE-RIMIEZ;202006;102.9;;67.0;;19.8
NICE-RIMIEZ;202007;3.2;;68.0;;23.1
NICE-RIMIEZ;202008;11.7;;62.0;;24.4
NICE-RIMIEZ;202009;53.4;;57.0;;21.4
NICE-RIMIEZ;202010;142.5;;71.0;;14.7
NICE-RIMIEZ;202011;7.0;;74.0;;13.2
NICE-RIMIEZ;202012;130.4;;75.0;;8.5
NICE-RIMIEZ;202101;98.8;;69.0;;7.5
NICE-RIMIEZ;202102;37.3;;72.0;;10.3
NICE-RIMIEZ;202103;12.2;;62.0;;10.7
NICE-RIMIEZ;202104;93.4;;67.0;;12.1
NICE-RIMIEZ;202105;54.1;;67.0;;15.9
NICE-RIMIEZ;202106;1.6;;66.0;;21.7
NICE-RIMIEZ;202107;31.4;;69.0;;23.1
NICE-RIMIEZ;202108;9.4;;62.0;;23.5
NICE-RIMIEZ;202109;26.4;;65.0;;21.5
NICE-RIMIEZ;202110;66.2;;70.0;;16.3
NICE-RIMIEZ;202111;70.3;;63.0;;13.0
NICE-RIMIEZ;202112;44.7;;66.0;;9.3
NICE-RIMIEZ;202201;7.7;;68.0;;8.6
NICE-RIMIEZ;202202;23.4;;64.0;;9.9
NICE-RIMIEZ;202203;20.1;;57.0;;10.8
NICE-RIMIEZ;202204;29.0;;60.0;;13.4
NICE-RIMIEZ;202205;4.4;;68.0;;18.9
NICE-RIMIEZ;202206;38.2;;62.0;;23.4
NICE-RIMIEZ;202207;2.4;;62.0;;25.9
NICE-RIMIEZ;202208;16.6;;60.0;;25.1
NICE-RIMIEZ;202209;40.5;;60.0;;21.3
NICE-RIMIEZ;202210;33.1;;76.0;;18.4
NICE-RIMIEZ;202211;96.1;;66.0;;13.7
NICE-RIMIEZ;202212;127.5;;78.0;;10.2
NICE-RIMIEZ;202301;56.4;;62.0;;9.1
NICE-RIMIEZ;202302;9.5;;65.0;;8.9
NICE-RIMIEZ;202303;2.6;;60.0;;12.1
NICE-RIMIEZ;202304;24.8;;62.0;;13.6
NICE-RIMIEZ;202305;56.1;;65.0;;17.7
NICE-RIMIEZ;202306;14.8;;70.0;;22.1
NICE-RIMIEZ;202307;1.6;;65.0;;25.2
NICE-RIMIEZ;202308;65.8;;56.0;;24.6
NICE-RIMIEZ;202309;52.3;;63.0;;22.0
NICE-RIMIEZ;202310;109.3;;72.0;;18.7
NICE-RIMIEZ;202311;47.8;;61.0;;12.6
NICE-RIMIEZ;202312;62.5;;70.0;;10.4
MARSEILLE-OBS;202001;20.7;;;;11.1
MARSEILLE-OBS;202002;5.2;;;;12.3
MARSEILLE-OBS;202003;10.0;;;;12.6
MARSEILLE-OBS;202004;53.9;;;;15.5
MARSEILLE-OBS;202005;72.9;;;;20.0
MARSEILLE-OBS;202006;25.3;;;;22.0
MARSEILLE-OBS;202007;0.0;;;;25.7
MARSEILLE-OBS;202008;5.0;;;;25.8
MARSEILLE-OBS;202009;31.3;;;;21.9
MARSEILLE-OBS;202010;17.0;;;;15.9
MARSEILLE-OBS;202011;13.8;;;;14.9
MARSEILLE-OBS;202012;54.5;;;;9.7
MARSEILLE-OBS;202101;49.3;;;;8.1
MARSEILLE-OBS;202102;32.1;;;;12.0
MARSEILLE-OBS;202103;2.6;;;;12.0
MARSEILLE-OBS;202104;51.1;;;;13.5
MARSEILLE-OBS;202105;64.0;;;;17.2
MARSEILLE-OBS;202106;4.4;;;;24.1
MARSEILLE-OBS;202107;4.4;;;;25.4
MARSEILLE-OBS;202108;14.0;;;;24.3
MARSEILLE-OBS;202109;61.9;;;;22.9
MARSEILLE-OBS;202110;111.4;;;;17.4
MARSEILLE-OBS;202111;112.4;;;;12.6
MARSEILLE-OBS;202112;48.1;;;;10.0
MARSEILLE-OBS;202201;0.4;;;;8.7
MARSEILLE-OBS;202202;19.9;;;;11.4
MARSEILLE-OBS;202203;9.4;;;;12.6
MARSEILLE-OBS;202204;19.3;;;;14.5
MARSEILLE-OBS;202205;29.5;;;;20.8
MARSEILLE-OBS;202206;8.8;;;;25.8
MARSEILLE-OBS;202207;0.0;;;;27.5
MARSEILLE-OBS;202208;63.2;;;;27.1
MARSEILLE-OBS;202209;62.2;;;;22.3
MARSEILLE-OBS;202210;2.0;;;;20.7
MARSEILLE-OBS;202211;44.6;;;;14.7
MARSEILLE-OBS;202212;74.2;;;;11.6
MARSEILLE-OBS;202301;2.2;;;;9.3
MARSEILLE-OBS;202302;19.9;;;;10.0
MARSEILLE-OBS;202303;3.4;;;;13.2
MARSEILLE-OBS;202304;6.2;;;;15.6
MARSEILLE-OBS;202305;58.0;;;;19.2
MARSEILLE-OBS;202306;41.6;;;;24.4
MARSEILLE-OBS;202307;9.9;;;;27.0
MARSEILLE-OBS;202308;34.7;;;;25.4
MARSEILLE-OBS;202309;46.2;;;;23.5
MARSEILLE-OBS;202310;30.3;;;;19.9
MARSEILLE-OBS;202311;23.2;;;;12.9
MARSEILLE-OBS;202312;28.3;;;;11.1
MARSEILLE-ST BARNABE;202001;17.8;;;;
MARSEILLE-ST BARNABE;202002;5.2;;;;
MARSEILLE-ST BARNABE;202003;31.6;;;;
MARSEILLE-ST BARNABE;202004;55.5;;;;
MARSEILLE-ST BARNABE;202005;93.6;;;;
MARSEILLE-ST BARNABE;202006;18.1;;;;
MARSEILLE-ST BARNABE;202007;0.0;;;;
MARSEILLE-ST BARNABE;202008;10.6;;;;
MARSEILLE-ST BARNABE;202009;60.6;;;;
MARSEILLE-ST BARNABE;202010;20.1;;;;
MARSEILLE-ST BARNABE;202011;17.0;;;;
MARSEILLE-ST BARNABE;202012;61.7;;;;
MARSEILLE-ST BARNABE;202101;74.1;;;;
MARSEILLE-ST BARNABE;202102;35.2;;;;
MARSEILLE-ST BARNABE;202103;3.0;;;;
MARSEILLE-ST BARNABE;202104;56.6;;;;
MARSEILLE-ST BARNABE;202105;71.2;;;;
MARSEILLE-ST BARNABE;202106;2.0;;;;
MARSEILLE-ST BARNABE;202107;5.2;;;;
MARSEILLE-ST BARNABE;202108;10.7;;;;
MARSEILLE-ST BARNABE;202109;61.7;;;;
MARSEILLE-ST BARNABE;202110;175.0;;;;
MARSEILLE-ST BARNABE;202111;101.0;;;;
MARSEILLE-ST BARNABE;202112;56.0;;;;
MARSEILLE-STE MARTHE;202001;20.4;;;;
MARSEILLE-STE MARTHE;202002;7.1;;;;
MARSEILLE-STE MARTHE;202003;16.3;;;;
MARSEILLE-STE MARTHE;202004;65.0;;;;
MARSEILLE-STE MARTHE;202005;92.0;;;;
MARSEILLE-STE MARTHE;202006;25.2;;;;
MARSEILLE-STE MARTHE;202007;0.0;;;;
MARSEILLE-STE MARTHE;202008;4.3;;;;
MARSEILLE-STE MARTHE;202009;33.8;;;;
MARSEILLE-STE MARTHE;202010;18.5;;;;
MARSEILLE-STE MARTHE;202011;14.0;;;;
MARSEILLE-STE MARTHE;202012;54.8;;;;
MARSEILLE-STE MARTHE;202101;69.0;;;;
MARSEILLE-STE MARTHE;202102;30.0;;;;
MARSEILLE-STE MARTHE;202103;5.0;;;;
MARSEILLE-STE MARTHE;202104;49.0;;;;
MARSEILLE-STE MARTHE;202105;65.7;;;;
MARSEILLE-STE MARTHE;202106;3.7;;;;
MARSEILLE-STE MARTHE;202107;5.6;;;;
MARSEILLE-STE MARTHE;202108;13.1;;;;
MARSEILLE-STE MARTHE;202109;56.1;;;;
MARSEILLE-STE MARTHE;202110;172.6;;;;
MARSEILLE-STE MARTHE;202111;103.3;;;;
MARSEILLE-STE MARTHE;202112;48.1;;;;
MARSEILLE;202001;25.4;;76.0;;9.9
MARSEILLE;202002;9.2;;67.0;;11.1
MARSEILLE;202003;18.8;;65.0;;11.4
MARSEILLE;202004;61.0;;63.0;;14.3
MARSEILLE;202005;77.1;;68.0;;18.8
MARSEILLE;202006;19.3;;60.0;;21.0
MARSEILLE;202007;2.2;;54.0;;25.0
MARSEILLE;202008;6.4;;53.0;;25.2
MARSEILLE;202009;63.8;;66.0;;21.0
MARSEILLE;202010;32.8;;71.0;;14.9
MARSEILLE;202011;26.9;;76.0;;13.6
MARSEILLE;202012;57.5;;79.0;;8.4
MARSEILLE;202101;56.6;;73.0;;7.2
MARSEILLE;202102;42.7;;73.0;;11.1
MARSEILLE;202103;4.8;;63.0;;10.9
MARSEILLE;202104;71.0;;63.0;;12.3
MARSEILLE;202105;76.6;;64.0;;16.1
MARSEILLE;202106;4.8;;59.0;;23.0
MARSEILLE;202107;6.2;;56.0;;25.0
MARSEILLE;202108;13.5;;54.0;;23.8
MARSEILLE;202109;62.2;;64.0;;22.0
MARSEILLE;202110;252.3;;71.0;;16.3
MARSEILLE;202111;111.6;;74.0;;11.6
MARSEILLE;202112;54.0;;78.0;;8.9
MARSEILLE;202201;2.0;;67.0;;7.8
MARSEILLE;202202;38.1;;66.0;;10.2
MARSEILLE;202203;11.8;;62.0;;11.2
MARSEILLE;202204;25.8;;63.0;;13.4
MARSEILLE;202205;20.8;;61.0;;19.7
MARSEILLE;202206;12.7;;53.0;;25.1
MARSEILLE;202207;1.0;;51.0;;26.7
MARSEILLE;202208;72.6;;59.0;;26.1
MARSEILLE;202209;56.9;;64.0;;21.2
MARSEILLE;202210;9.4;;76.0;;19.7
MARSEILLE;202211;70.8;;74.0;;13.4
MARSEILLE;202212;101.3;;83.0;;10.4
MARSEILLE;202301;4.8;;68.0;;8.3
MARSEILLE;202302;26.4;;70.0;;9.1
MARSEILLE;202303;6.2;;66.0;;12.2
MARSEILLE;202304;8.6;;59.0;;14.6
MARSEILLE;202305;76.8;;66.0;;18.1
MARSEILLE;202306;61.3;;65.0;;23.1
MARSEILLE;202307;7.6;;53.0;;26.4
MARSEILLE;202308;35.3;;50.0;;24.9
MARSEILLE;202309;52.2;;64.0;;22.5
MARSEILLE;202310;63.6;;73.0;;19.1
MARSEILLE;202311;32.4;;72.0;;12.0
MARSEILLE;202312;51.6;;74.0;;10.1
TOULOUSE-BLAGNAC;202001;59.4;;84.0;5915.0;8.0
TOULOUSE-BLAGNAC;202002;29.7;;80.0;8578.0;10.3
TOULOUSE-BLAGNAC;202003;57.8;;74.0;10447.0;10.7
TOULOUSE-BLAGNAC;202004;52.9;;70.0;10643.0;15.4
TOULOUSE-BLAGNAC;202005;58.3;;70.0;16923.0;18.5
TOULOUSE-BLAGNAC;202006;88.3;;70.0;12478.0;19.7
TOULOUSE-BLAGNAC;202007;3.4;;59.0;17679.0;23.5
TOULOUSE-BLAGNAC;202008;24.6;;60.0;14688.0;24.3
TOULOUSE-BLAGNAC;202009;38.2;;64.0;12911.0;20.4
TOULOUSE-BLAGNAC;202010;81.0;;81.0;7659.0;13.7
TOULOUSE-BLAGNAC;202011;15.1;;82.0;9698.0;12.2
TOULOUSE-BLAGNAC;202012;116.0;;87.0;3109.0;7.6
TOULOUSE-BLAGNAC;202101;72.1;;84.0;4474.0;5.3
TOULOUSE-BLAGNAC;202102;26.9;;82.0;7413.0;10.9
TOULOUSE-BLAGNAC;202103;16.2;;71.0;12291.0;10.5
TOULOUSE-BLAGNAC;202104;22.6;;61.0;13753.0;12.2
TOULOUSE-BLAGNAC;202105;63.9;;71.0;13091.0;15.2
TOULOUSE-BLAGNAC;202106;55.7;;69.0;14176.0;21.5
TOULOUSE-BLAGNAC;202107;92.5;;71.0;13697.0;21.8
TOULOUSE-BLAGNAC;202108;12.8;;66.0;16282.0;21.9
TOULOUSE-BLAGNAC;202109;69.7;;75.0;10782.0;21.4
TOULOUSE-BLAGNAC;202110;45.9;;77.0;11657.0;14.8
TOULOUSE-BLAGNAC;202111;44.2;;88.0;3803.0;8.5
TOULOUSE-BLAGNAC;202112;71.6;;87.0;7109.0;8.2
TOULOUSE-BLAGNAC;202201;59.9;;89.0;8129.0;4.3
TOULOUSE-BLAGNAC;202202;13.1;;78.0;7777.0;9.4
TOULOUSE-BLAGNAC;202203;79.2;;73.0;8825.0;11.4
TOULOUSE-BLAGNAC;202204;43.8;;74.0;9384.0;12.6
TOULOUSE-BLAGNAC;202205;2.6;;63.0;16586.0;19.8
TOULOUSE-BLAGNAC;202206;40.5;;65.0;14659.0;23.3
TOULOUSE-BLAGNAC;202207;2.6;;52.0;21419.0;25.5
TOULOUSE-BLAGNAC;202208;19.8;;55.0;17080.0;26.3
TOULOUSE-BLAGNAC;202209;33.2;;64.0;12762.0;21.0
TOULOUSE-BLAGNAC;202210;9.7;;75.0;9769.0;19.9
TOULOUSE-BLAGNAC;202211;74.3;;84.0;6438.0;12.2
TOULOUSE-BLAGNAC;202212;18.8;;86.0;6164.0;9.0
TOULOUSE-BLAGNAC;202301;63.1;;84.0;3753.0;6.1
TOULOUSE-BLAGNAC;202302;8.8;;74.0;10433.0;7.0
TOULOUSE-BLAGNAC;202303;46.5;;73.0;9432.0;11.5
TOULOUSE-BLAGNAC;202304;51.7;;72.0;11314.0;13.5
TOULOUSE-BLAGNAC;202305;50.8;;72.0;12806.0;17.5
TOULOUSE-BLAGNAC;202306;131.9;;71.0;13054.0;22.6
TOULOUSE-BLAGNAC;202307;13.7;;64.0;15976.0;23.9
TOULOUSE-BLAGNAC;202308;31.4;;60.0;16170.0;25.0
TOULOUSE-BLAGNAC;202309;23.2;;61.0;15412.0;23.1
TOULOUSE-BLAGNAC;202310;43.2;;68.0;11298.0;18.7
TOULOUSE-BLAGNAC;202311;84.8;;82.0;6184.0;11.1
TOULOUSE-BLAGNAC;202312;51.6;;87.0;4961.0;8.2
TOULOUSE-FRANCAZAL;202001;57.7;;81.0;;8.1
TOULOUSE-FRANCAZAL;202002;30.7;;77.0;;10.4
TOULOUSE-FRANCAZAL;202003;55.7;;72.0;;10.7
TOULOUSE-FRANCAZAL;202004;57.4;;68.0;;15.3
TOULOUSE-FRANCAZAL;202005;48.4;;69.0;;18.5
TOULOUSE-FRANCAZAL;202006;48.8;;67.0;;19.9
TOULOUSE-FRANCAZAL;202007;3.6;;59.0;;23.6
TOULOUSE-FRANCAZAL;202008;20.0;;61.0;;24.2
TOULOUSE-FRANCAZAL;202009;44.5;;64.0;;20.4
TOULOUSE-FRANCAZAL;202010;80.4;;81.0;;13.7
TOULOUSE-FRANCAZAL;202011;15.6;;83.0;;12.1
TOULOUSE-FRANCAZAL;202012;129.9;;87.0;;7.7
TOULOUSE-FRANCAZAL;202101;69.3;;84.0;;5.3
TOULOUSE-FRANCAZAL;202102;24.9;;83.0;;10.8
TOULOUSE-FRANCAZAL;202103;14.8;;71.0;;10.5
TOULOUSE-FRANCAZAL;202104;25.9;;62.0;;12.0
TOULOUSE-FRANCAZAL;202105;65.4;;72.0;;15.2
TOULOUSE-FRANCAZAL;202106;68.0;;70.0;;21.4
TOULOUSE-FRANCAZAL;202107;53.4;;71.0;;21.8
TOULOUSE-FRANCAZAL;202108;11.6;;65.0;;22.1
TOULOUSE-FRANCAZAL;202109;97.2;;76.0;;21.1
TOULOUSE-FRANCAZAL;202110;46.1;;78.0;;14.7
TOULOUSE-FRANCAZAL;202111;53.5;;88.0;;8.5
TOULOUSE-FRANCAZAL;202112;71.9;;87.0;;8.3
TOULOUSE-FRANCAZAL;202201;84.2;;89.0;;4.5
TOULOUSE-FRANCAZAL;202202;1.6;;81.0;;7.9
TOULOUSE-FRANCAZAL;202203;9.0;;65.0;;12.8
TOULOUSE-FRANCAZAL;202204;44.5;;74.0;;12.5
TOULOUSE-FRANCAZAL;202205;5.2;;64.0;;19.7
TOULOUSE-FRANCAZAL;202206;53.7;;66.0;;23.2
TOULOUSE-FRANCAZAL;202207;2.8;;53.0;;25.4
TOULOUSE-FRANCAZAL;202208;12.2;;56.0;;26.2
TOULOUSE-FRANCAZAL;202209;52.8;;66.0;;20.9
TOULOUSE-FRANCAZAL;202210;7.0;;76.0;;19.7
TOULOUSE-FRANCAZAL;202211;90.7;;84.0;;12.3
TOULOUSE-FRANCAZAL;202212;24.2;;86.0;;9.1
TOULOUSE-FRANCAZAL;202301;74.2;;84.0;;6.0
TOULOUSE-FRANCAZAL;202302;9.5;;77.0;;6.9
TOULOUSE-FRANCAZAL;202303;36.4;;74.0;;11.5
TOULOUSE-FRANCAZAL;202304;53.3;;72.0;;13.5
TOULOUSE-FRANCAZAL;202305;85.2;;72.0;;17.3
TOULOUSE-FRANCAZAL;202306;131.5;;73.0;;22.3
TOULOUSE-FRANCAZAL;202307;14.3;;65.0;;23.6
TOULOUSE-FRANCAZAL;202308;34.4;;60.0;;24.7
TOULOUSE-FRANCAZAL;202309;14.7;;62.0;;22.8
TOULOUSE-FRANCAZAL;202310;42.6;;68.0;;18.7
TOULOUSE-FRANCAZAL;202311;87.1;;82.0;;11.2
TOULOUSE-FRANCAZAL;202312;47.8;;87.0;;8.3
BORDEAUX-PAULIN;202001;49.8;;;;9.5
BORDEAUX-PAULIN;202002;60.4;;;;11.6
BORDEAUX-PAULIN;202003;84.0;;;;11.4
BORDEAUX-PAULIN;202004;77.6;;;;16.5
BORDEAUX-PAULIN;202005;87.6;;;;19.3
BORDEAUX-PAULIN;202006;51.2;;;;19.6
BORDEAUX-PAULIN;202007;2.4;;;;23.6
BORDEAUX-PAULIN;202008;41.6;;;;23.9
BORDEAUX-PAULIN;202009;57.2;;;;20.9
BORDEAUX-PAULIN;202010;152.3;;;;14.6
BORDEAUX-PAULIN;202011;19.2;;;;12.8
BORDEAUX-PAULIN;202012;241.4;;;;9.1
BORDEAUX-PAULIN;202101;128.8;;;;6.9
BORDEAUX-PAULIN;202102;78.0;;;;11.5
BORDEAUX-PAULIN;202103;17.4;;;;11.4
BORDEAUX-PAULIN;202104;24.6;;;;13.8
BORDEAUX-PAULIN;202105;111.9;;;;15.6
BORDEAUX-PAULIN;202106;186.0;;;;21.3
BORDEAUX-PAULIN;202107;29.8;;;;21.8
BORDEAUX-PAULIN;202108;20.4;;;;21.2
BORDEAUX-PAULIN;202109;64.6;;;;21.2
BORDEAUX-PAULIN;202110;34.3;;;;15.5
BORDEAUX-PAULIN;202111;68.6;;;;9.3
BORDEAUX-PAULIN;202112;144.4;;;;8.9
BORDEAUX-PAULIN;202201;48.0;;;;6.4
BORDEAUX-PAULIN;202202;45.5;;;;10.5
BORDEAUX-PAULIN;202203;32.6;;;;12.5
BORDEAUX-PAULIN;202204;54.7;;;;13.9
BORDEAUX-PAULIN;202205;26.7;;;;20.4
BORDEAUX-PAULIN;202206;110.8;;;;22.6
BORDEAUX-PAULIN;202207;2.4;;;;25.0
BORDEAUX-PAULIN;202208;32.1;;;;26.0
BORDEAUX-PAULIN;202209;34.7;;;;20.7
BORDEAUX-PAULIN;202210;47.7;;;;19.8
BORDEAUX-PAULIN;202211;133.1;;;;13.0
BORDEAUX-PAULIN;202212;46.7;;;;9.1
BORDEAUX-PAULIN;202301;119.5;;;;7.8
BORDEAUX-PAULIN;202302;50.8;;;;8.2
BORDEAUX-PAULIN;202303;87.3;;;;12.7
BORDEAUX-PAULIN;202304;59.2;;;;14.5
BORDEAUX-PAULIN;202305;30.5;;;;18.6
BORDEAUX-PAULIN;202306;81.1;;;;23.5
BORDEAUX-PAULIN;202307;22.7;;;;23.1
BORDEAUX-PAULIN;202308;28.3;;;;23.7
BORDEAUX-PAULIN;202309;76.8;;;;23.3
BORDEAUX-PAULIN;202310;166.3;;;;18.6
BORDEAUX-PAULIN;202311;246.4;;;;12.1
BORDEAUX-PAULIN;202312;126.7;;;;9.5
BORDEAUX-MERIGNAC;202001;67.3;;84.0;5813.0;9.0
BORDEAUX-MERIGNAC;202002;60.7;;80.0;7839.0;11.0
BORDEAUX-MERIGNAC;202003;103.5;;77.0;9952.0;10.6
BORDEAUX-MERIGNAC;202004;115.8;;73.0;10772.0;15.6
BORDEAUX-MERIGNAC;202005;122.0;;67.0;17062.0;18.3
BORDEAUX-MERIGNAC;202006;91.6;;74.0;12567.0;18.7
BORDEAUX-MERIGNAC;202007;3.0;;64.0;18978.0;22.6
BORDEAUX-MERIGNAC;202008;66.8;;69.0;14014.0;23.0
BORDEAUX-MERIGNAC;202009;90.4;;70.0;13615.0;20.1
BORDEAUX-MERIGNAC;202010;179.3;;84.0;7176.0;14.1
BORDEAUX-MERIGNAC;202011;16.9;;82.0;10356.0;12.2
BORDEAUX-MERIGNAC;202012;241.3;;89.0;4275.0;8.6
BORDEAUX-MERIGNAC;202101;125.4;;86.0;5454.0;6.3
BORDEAUX-MERIGNAC;202102;77.3;;83.0;4808.0;10.9
BORDEAUX-MERIGNAC;202103;17.2;;71.0;11991.0;10.6
BORDEAUX-MERIGNAC;202104;23.7;;58.0;14600.0;12.8
BORDEAUX-MERIGNAC;202105;116.5;;72.0;12790.0;14.7
BORDEAUX-MERIGNAC;202106;141.6;;73.0;14444.0;20.7
BORDEAUX-MERIGNAC;202107;43.1;;75.0;11787.0;21.0
BORDEAUX-MERIGNAC;202108;29.2;;71.0;14279.0;20.6
BORDEAUX-MERIGNAC;202109;76.1;;76.0;11579.0;20.5
BORDEAUX-MERIGNAC;202110;32.1;;79.0;12403.0;14.9
BORDEAUX-MERIGNAC;202111;73.1;;88.0;6638.0;8.6
BORDEAUX-MERIGNAC;202112;151.3;;90.0;6716.0;8.7
BORDEAUX-MERIGNAC;202201;39.6;;87.0;8069.0;6.0
BORDEAUX-MERIGNAC;202202;48.9;;82.0;7513.0;9.6
BORDEAUX-MERIGNAC;202203;35.0;;70.0;9412.0;11.8
BORDEAUX-MERIGNAC;202204;64.6;;74.0;10578.0;13.1
BORDEAUX-MERIGNAC;202205;19.1;;66.0;17050.0;19.3
BORDEAUX-MERIGNAC;202206;99.8;;68.0;14852.0;21.8
BORDEAUX-MERIGNAC;202207;3.0;;56.0;20996.0;24.2
BORDEAUX-MERIGNAC;202208;26.3;;61.0;12086.0;25.3
BORDEAUX-MERIGNAC;202209;39.4;;65.0;13855.0;20.0
BORDEAUX-MERIGNAC;202210;57.5;;78.0;7477.0;19.3
BORDEAUX-MERIGNAC;202211;147.7;;86.0;6338.0;12.5
BORDEAUX-MERIGNAC;202212;58.1;;85.0;5165.0;8.7
BORDEAUX-MERIGNAC;202301;119.5;;84.0;3581.0;7.3
BORDEAUX-MERIGNAC;202302;53.2;;76.0;10095.0;7.5
BORDEAUX-MERIGNAC;202303;86.9;;75.0;6911.0;11.9
BORDEAUX-MERIGNAC;202304;58.7;;71.0;12243.0;13.7
BORDEAUX-MERIGNAC;202305;53.8;;67.0;15818.0;17.6
BORDEAUX-MERIGNAC;202306;102.2;;70.0;14774.0;22.5
BORDEAUX-MERIGNAC;202307;21.9;;69.0;13824.0;22.2
BORDEAUX-MERIGNAC;202308;33.7;;68.0;14677.0;23.0
BORDEAUX-MERIGNAC;202309;93.3;;70.0;14395.0;22.6
BORDEAUX-MERIGNAC;202310;187.6;;75.0;10520.0;18.0
BORDEAUX-MERIGNAC;202311;247.4;;86.0;5148.0;11.7
BORDEAUX-MERIGNAC;202312;128.2;;91.0;3944.0;9.2
MONTPELLIER-AEROPORT;202001;39.6;;79.0;6314.0;8.7
MONTPELLIER-AEROPORT;202002;6.6;;70.0;10473.0;11.5
MONTPELLIER-AEROPORT;202003;15.7;;70.0;11678.0;11.3
MONTPELLIER-AEROPORT;202004;65.9;;77.0;13136.0;14.0
MONTPELLIER-AEROPORT;202005;61.0;;68.0;17771.0;19.4
MONTPELLIER-AEROPORT;202006;18.3;;61.0;19416.0;21.8
MONTPELLIER-AEROPORT;202007;6.9;;57.0;22390.0;25.3
MONTPELLIER-AEROPORT;202008;39.0;;62.0;19316.0;24.8
MONTPELLIER-AEROPORT;202009;18.1;;68.0;14589.0;20.7
MONTPELLIER-AEROPORT;202010;17.8;;70.0;9201.0;15.2
MONTPELLIER-AEROPORT;202011;24.1;;77.0;8812.0;12.9
MONTPELLIER-AEROPORT;202012;49.0;;79.0;5971.0;8.1
MONTPELLIER-AEROPORT;202101;16.2;;67.0;9445.0;7.2
MONTPELLIER-AEROPORT;202102;38.5;;82.0;6274.0;10.6
MONTPELLIER-AEROPORT;202103;5.2;;63.0;14987.0;10.9
MONTPELLIER-AEROPORT;202104;42.2;;60.0;14656.0;12.7
MONTPELLIER-AEROPORT;202105;47.2;;64.0;16456.0;16.5
MONTPELLIER-AEROPORT;202106;9.9;;63.0;18588.0;23.1
MONTPELLIER-AEROPORT;202107;38.1;;61.0;19779.0;24.4
MONTPELLIER-AEROPORT;202108;35.6;;59.0;20782.0;23.6
MONTPELLIER-AEROPORT;202109;129.0;;76.0;12473.0;21.0
MONTPELLIER-AEROPORT;202110;121.7;;72.0;12888.0;15.6
MONTPELLIER-AEROPORT;202111;66.4;;71.0;9665.0;10.7
MONTPELLIER-AEROPORT;202112;26.5;;75.0;8852.0;8.6
MONTPELLIER-AEROPORT;202201;0.2;;67.0;12504.0;6.9
MONTPELLIER-AEROPORT;202202;5.0;;62.0;11287.0;10.8
MONTPELLIER-AEROPORT;202203;96.4;;74.0;7706.0;10.4
MONTPELLIER-AEROPORT;202204;16.4;;65.0;14342.0;13.9
MONTPELLIER-AEROPORT;202205;7.9;;66.0;19228.0;19.7
MONTPELLIER-AEROPORT;202206;8.6;;62.0;19986.0;24.5
MONTPELLIER-AEROPORT;202207;3.2;;52.0;24352.0;26.8
MONTPELLIER-AEROPORT;202208;60.6;;63.0;19878.0;26.1
MONTPELLIER-AEROPORT;202209;208.9;;68.0;14111.0;21.0
MONTPELLIER-AEROPORT;202210;2.2;;85.0;8534.0;19.1
MONTPELLIER-AEROPORT;202211;60.9;;75.0;9463.0;13.3
MONTPELLIER-AEROPORT;202212;56.8;;85.0;6177.0;9.2
MONTPELLIER-AEROPORT;202301;14.8;;69.0;10289.0;8.2
MONTPELLIER-AEROPORT;202302;23.5;;72.0;10791.0;8.1
MONTPELLIER-AEROPORT;202303;22.9;;69.0;13069.0;11.9
MONTPELLIER-AEROPORT;202304;17.4;;59.0;14244.0;14.5
MONTPELLIER-AEROPORT;202305;54.3;;63.0;16954.0;18.7
MONTPELLIER-AEROPORT;202306;31.1;;65.0;17708.0;23.6
MONTPELLIER-AEROPORT;202307;4.2;;57.0;22021.0;25.8
MONTPELLIER-AEROPORT;202308;11.7;;57.0;19669.0;24.6
MONTPELLIER-AEROPORT;202309;19.0;;67.0;16384.0;22.0
MONTPELLIER-AEROPORT;202310;35.3;;72.0;10497.0;18.8
MONTPELLIER-AEROPORT;202311;10.4;;65.0;9254.0;12.3
MONTPELLIER-AEROPORT;202312;16.7;;69.0;8739.0;9.7
NANTES-BOUGUENAIS;202001;99.8;;89.0;5412.0;8.2
NANTES-BOUGUENAIS;202002;92.0;;85.0;5366.0;9.7
NANTES-BOUGUENAIS;202003;111.0;;76.0;10642.0;9.7
NANTES-BOUGUENAIS;202004;56.3;;72.0;14420.0;14.4
NANTES-BOUGUENAIS;202005;38.3;;65.0;18454.0;16.7
NANTES-BOUGUENAIS;202006;103.0;;75.0;11729.0;17.3
NANTES-BOUGUENAIS;202007;6.6;;67.0;19098.0;19.8
NANTES-BOUGUENAIS;202008;80.8;;75.0;14321.0;20.9
NANTES-BOUGUENAIS;202009;58.1;;74.0;12303.0;18.3
NANTES-BOUGUENAIS;202010;111.9;;84.0;6223.0;12.8
NANTES-BOUGUENAIS;202011;40.0;;86.0;9386.0;10.8
NANTES-BOUGUENAIS;202012;132.2;;89.0;5508.0;7.7
NANTES-BOUGUENAIS;202101;103.7;;89.0;3837.0;5.4
NANTES-BOUGUENAIS;202102;53.2;;80.0;5819.0;8.0
NANTES-BOUGUENAIS;202103;16.8;;74.0;12802.0;9.0
NANTES-BOUGUENAIS;202104;7.8;;59.0;17048.0;10.7
NANTES-BOUGUENAIS;202105;84.7;;74.0;12849.0;13.4
NANTES-BOUGUENAIS;202106;88.5;;75.0;12962.0;18.9
NANTES-BOUGUENAIS;202107;46.4;;76.0;13088.0;19.4
NANTES-BOUGUENAIS;202108;25.8;;76.0;12106.0;18.6
NANTES-BOUGUENAIS;202109;31.5;;74.0;13745.0;19.2
NANTES-BOUGUENAIS;202110;146.4;;83.0;12514.0;13.4
NANTES-BOUGUENAIS;202111;31.0;;86.0;7215.0;7.5
NANTES-BOUGUENAIS;202112;94.2;;89.0;4227.0;7.9
NANTES-BOUGUENAIS;202201;52.9;;89.0;3607.0;5.8
NANTES-BOUGUENAIS;202202;27.5;;85.0;5799.0;8.5
NANTES-BOUGUENAIS;202203;44.7;;72.0;9632.0;10.8
NANTES-BOUGUENAIS;202204;55.8;;71.0;13464.0;12.4
NANTES-BOUGUENAIS;202205;28.8;;68.0;16917.0;17.0
NANTES-BOUGUENAIS;202206;70.1;;69.0;15444.0;19.6
NANTES-BOUGUENAIS;202207;11.7;;57.0;21991.0;22.5
NANTES-BOUGUENAIS;202208;44.5;;63.0;15732.0;23.3
NANTES-BOUGUENAIS;202209;52.9;;74.0;11872.0;17.9
NANTES-BOUGUENAIS;202210;50.9;;84.0;7636.0;17.0
NANTES-BOUGUENAIS;202211;138.2;;87.0;7252.0;11.5
NANTES-BOUGUENAIS;202212;94.0;;87.0;3496.0;6.3
NANTES-BOUGUENAIS;202301;88.2;;86.0;4819.0;7.1
NANTES-BOUGUENAIS;202302;19.7;;78.0;8106.0;7.4
NANTES-BOUGUENAIS;202303;105.5;;80.0;7638.0;10.2
NANTES-BOUGUENAIS;202304;48.5;;76.0;10587.0;11.5
NANTES-BOUGUENAIS;202305;29.3;;70.0;16552.0;16.1
NANTES-BOUGUENAIS;202306;20.5;;66.0;18180.0;21.5
NANTES-BOUGUENAIS;202307;45.1;;74.0;13952.0;19.6
NANTES-BOUGUENAIS;202308;53.3;;76.0;13035.0;20.2
NANTES-BOUGUENAIS;202309;57.9;;75.0;12458.0;21.2
NANTES-BOUGUENAIS;202310;152.1;;78.0;9720.0;16.3
NANTES-BOUGUENAIS;202311;129.1;;86.0;5315.0;10.8
NANTES-BOUGUENAIS;202312;109.3;;88.0;3956.0;9.1
NANTES-VILLE;202001;125.8;;;;8.7
NANTES-VILLE;202002;121.6;;;;10.3
NANTES-VILLE;202003;124.2;;;;10.3
NANTES-VILLE;202004;79.8;;;;15.3
NANTES-VILLE;202005;31.2;;;;17.3
NANTES-VILLE;202006;111.5;;;;18.1
NANTES-VILLE;202007;7.4;;;;20.3
NANTES-VILLE;202008;64.2;;;;21.5
NANTES-VILLE;202009;76.7;;;;19.1
NANTES-VILLE;202010;138.8;;;;13.6
NANTES-VILLE;202011;61.7;;;;11.3
NANTES-VILLE;202012;153.6;;;;8.4
NANTES-VILLE;202101;138.4;;;;6.0
NANTES-VILLE;202102;58.6;;;;8.5
NANTES-VILLE;202103;23.7;;;;9.7
NANTES-VILLE;202104;7.0;;;;11.3
NANTES-VILLE;202105;91.1;;;;14.2
NANTES-VILLE;202106;115.8;;;;19.6
NANTES-VILLE;202107;77.1;;;;20.0
NANTES-VILLE;202108;29.8;;;;19.1
NANTES-VILLE;202109;30.4;;;;19.7
NANTES-VILLE;202110;163.7;;;;14.0
NANTES-VILLE;202111;39.9;;;;8.1
NANTES-VILLE;202112;104.6;;;;8.2
NANTES-VILLE;202201;58.2;;;;6.2
NANTES-VILLE;202202;39.6;;;;9.1
NANTES-VILLE;202203;52.0;;;;11.2
NANTES-VILLE;202204;91.4;;;;12.9
NANTES-VILLE;202205;34.5;;;;17.7
NANTES-VILLE;202206;51.7;;;;20.2
NANTES-VILLE;202207;19.8;;;;22.9
NANTES-VILLE;202208;27.9;;;;23.5
NANTES-VILLE;202209;35.8;;;;18.6
NANTES-VILLE;202210;51.5;;;;17.3
NANTES-VILLE;202211;151.4;;;;11.9
NANTES-VILLE;202212;115.8;;;;6.6
NANTES-VILLE;202301;103.1;;;;7.7
NANTES-VILLE;202302;21.1;;;;7.7
NANTES-VILLE;202303;126.8;;;;10.8
NANTES-VILLE;202304;59.2;;;;12.2
NANTES-VILLE;202305;33.3;;;;16.6
NANTES-VILLE;202306;22.2;;;;22.0
NANTES-VILLE;202307;48.9;;;;20.3
NANTES-VILLE;202308;57.8;;;;21.0
NANTES-VILLE;202309;77.0;;;;21.5
NANTES-VILLE;202310;177.5;;;;16.5
NANTES-VILLE;202311;176.3;;;;11.2
NANTES-VILLE;202312;124.1;;;;9.4
VILLETTE;202001;64.8;;92.0;;4.0
VILLETTE;202002;149.4;;85.0;;5.7
VILLETTE;202003;77.4;;72.0;;6.5
VILLETTE;202004;38.0;;54.0;;12.9
VILLETTE;202005;46.0;;62.0;;13.6
VILLETTE;202006;90.3;;75.0;;16.3
VILLETTE;202007;8.6;;66.0;;18.1
VILLETTE;202008;33.1;;64.0;;21.0
VILLETTE;202009;52.4;;68.0;;16.9
VILLETTE;202010;119.4;;90.0;;10.4
VILLETTE;202011;31.8;;90.0;;7.4
VILLETTE;202012;139.8;;96.0;;4.2
VILLETTE;202101;125.8;;94.0;;1.2
VILLETTE;202102;61.6;;81.0;;4.8
VILLETTE;202103;57.0;;72.0;;6.4
VILLETTE;202104;40.2;;63.0;;7.4
VILLETTE;202105;113.8;;78.0;;10.4
VILLETTE;202106;84.3;;76.0;;18.7
VILLETTE;202107;221.1;;81.0;;17.6
VILLETTE;202108;63.1;;82.0;;16.8
VILLETTE;202109;39.2;;78.0;;16.5
VILLETTE;202110;67.0;;88.0;;10.6
VILLETTE;202111;38.0;;94.0;;4.6
VILLETTE;202112;65.0;;95.0;;4.3
VILLETTE;202201;81.3;;94.0;;2.6
VILLETTE;202202;92.2;;87.0;;4.8
VILLETTE;202203;35.0;;61.0;;7.9
VILLETTE;202204;48.3;;68.0;;9.3
VILLETTE;202205;30.0;;66.0;;15.4
VILLETTE;202206;88.8;;72.0;;18.0
VILLETTE;202207;2.4;;59.0;;19.9
VILLETTE;202208;16.6;;57.0;;21.8
VILLETTE;202209;89.1;;77.0;;14.9
VILLETTE;202210;78.9;;86.0;;14.0
VILLETTE;202211;58.6;;93.0;;7.6
VILLETTE;202212;67.0;;90.0;;3.1
VILLETTE;202301;95.2;;91.0;;3.7
VILLETTE;202302;10.8;;81.0;;4.8
VILLETTE;202303;107.4;;81.0;;6.5
VILLETTE;202304;68.2;;76.0;;8.6
VILLETTE;202305;41.0;;69.0;;14.5
VILLETTE;202306;38.0;;58.0;;20.3
VILLETTE;202307;126.7;;72.0;;18.4
VILLETTE;202308;103.9;;82.0;;18.2
VILLETTE;202309;39.2;;75.0;;18.8
VILLETTE;202310;141.4;;85.0;;12.6
VILLETTE;202311;121.6;;92.0;;6.6
VILLETTE;202312;115.0;;93.0;;5.0
LILLE-LESQUIN;202001;33.5;;89.0;;5.9
LILLE-LESQUIN;202002;92.3;;80.0;;7.7
LILLE-LESQUIN;202003;66.1;;71.0;;7.5
LILLE-LESQUIN;202004;41.1;;60.0;;12.9
LILLE-LESQUIN;202005;4.2;;58.0;;14.6
LILLE-LESQUIN;202006;72.2;;66.0;;17.7
LILLE-LESQUIN;202007;25.0;;67.0;;18.6
LILLE-LESQUIN;202008;64.1;;66.0;;21.5
LILLE-LESQUIN;202009;46.4;;71.0;;17.3
LILLE-LESQUIN;202010;109.0;;84.0;;12.0
LILLE-LESQUIN;202011;37.1;;87.0;;9.5
LILLE-LESQUIN;202012;83.3;;91.0;;6.0
LILLE-LESQUIN;202101;117.5;;90.0;;3.5
LILLE-LESQUIN;202102;35.8;;80.0;;5.3
LILLE-LESQUIN;202103;32.2;;73.0;;7.9
LILLE-LESQUIN;202104;25.9;;66.0;;7.8
LILLE-LESQUIN;202105;80.8;;71.0;;12.2
LILLE-LESQUIN;202106;109.8;;73.0;;18.6
LILLE-LESQUIN;202107;78.0;;75.0;;18.8
LILLE-LESQUIN;202108;76.5;;78.0;;17.9
LILLE-LESQUIN;202109;36.8;;76.0;;17.6
LILLE-LESQUIN;202110;101.5;;85.0;;11.8
LILLE-LESQUIN;202111;64.6;;90.0;;7.3
LILLE-LESQUIN;202112;50.6;;92.0;;6.3
LILLE-LESQUIN;202201;55.6;;91.0;;4.5
LILLE-LESQUIN;202202;31.0;;80.0;;7.1
LILLE-LESQUIN;202203;8.6;;68.0;;9.0
LILLE-LESQUIN;202204;19.8;;66.0;;10.9
LILLE-LESQUIN;202205;39.6;;67.0;;15.5
LILLE-LESQUIN;202206;99.8;;67.0;;18.1
LILLE-LESQUIN;202207;5.0;;62.0;;20.3
LILLE-LESQUIN;202208;15.2;;62.0;;22.0
LILLE-LESQUIN;202209;115.5;;77.0;;16.1
LILLE-LESQUIN;202210;59.9;;83.0;;14.8
LILLE-LESQUIN;202211;83.7;;90.0;;9.2
LILLE-LESQUIN;202212;99.8;;90.0;;4.4
LILLE-LESQUIN;202301;53.5;;87.0;;5.7
LILLE-LESQUIN;202302;8.6;;82.0;;6.4
LILLE-LESQUIN;202303;94.4;;80.0;;8.1
LILLE-LESQUIN;202304;60.8;;76.0;;9.4
LILLE-LESQUIN;202305;73.6;;75.0;;14.1
LILLE-LESQUIN;202306;19.2;;63.0;;20.5
LILLE-LESQUIN;202307;80.1;;69.0;;19.3
LILLE-LESQUIN;202308;68.6;;75.0;;19.0
LILLE-LESQUIN;202309;47.6;;77.0;;19.5
LILLE-LESQUIN;202310;107.4;;82.0;;14.3
LILLE-LESQUIN;202311;120.0;;88.0;;8.5
LILLE-LESQUIN;202312;63.9;;88.0;;7.4
LILLE ISA;202001;20.5;45.0;;;
LILLE ISA;202002;64.1;100.0;;;
LILLE ISA;202003;;;;;
STRASBOURG-ENTZHEIM;202001;10.8;;86.0;4049.0;4.5
STRASBOURG-ENTZHEIM;202002;80.0;;76.0;5692.0;7.7
STRASBOURG-ENTZHEIM;202003;47.4;;69.0;11146.0;7.9
STRASBOURG-ENTZHEIM;202004;14.1;;54.0;18498.0;13.9
STRASBOURG-ENTZHEIM;202005;56.0;;61.0;16818.0;15.1
STRASBOURG-ENTZHEIM;202006;95.9;;72.0;11858.0;18.8
STRASBOURG-ENTZHEIM;202007;12.0;;60.0;17722.0;21.1
STRASBOURG-ENTZHEIM;202008;61.9;;68.0;14026.0;22.3
STRASBOURG-ENTZHEIM;202009;18.9;;69.0;13018.0;18.0
STRASBOURG-ENTZHEIM;202010;55.7;;82.0;4393.0;11.8
STRASBOURG-ENTZHEIM;202011;11.4;;87.0;5104.0;7.0
STRASBOURG-ENTZHEIM;202012;43.5;;89.0;1437.0;4.8
STRASBOURG-ENTZHEIM;202101;101.8;;86.0;3348.0;2.5
STRASBOURG-ENTZHEIM;202102;31.1;;80.0;7739.0;5.1
STRASBOURG-ENTZHEIM;202103;33.7;;69.0;10503.0;7.3
STRASBOURG-ENTZHEIM;202104;34.2;;60.0;12980.0;9.2
STRASBOURG-ENTZHEIM;202105;101.7;;72.0;9909.0;12.7
STRASBOURG-ENTZHEIM;202106;175.3;;71.0;14422.0;21.3
STRASBOURG-ENTZHEIM;202107;107.4;;76.0;13006.0;19.9
STRASBOURG-ENTZHEIM;202108;78.1;;78.0;9769.0;19.0
STRASBOURG-ENTZHEIM;202109;15.4;;76.0;12689.0;17.4
STRASBOURG-ENTZHEIM;202110;50.2;;81.0;8695.0;11.1
STRASBOURG-ENTZHEIM;202111;22.6;;86.0;3087.0;5.1
STRASBOURG-ENTZHEIM;202112;41.6;;87.0;2769.0;4.9
STRASBOURG-ENTZHEIM;202201;21.7;;85.0;3999.0;3.1
STRASBOURG-ENTZHEIM;202202;34.0;;71.0;6772.0;6.6
STRASBOURG-ENTZHEIM;202203;15.0;;58.0;13745.0;8.0
STRASBOURG-ENTZHEIM;202204;53.4;;64.0;11633.0;10.9
STRASBOURG-ENTZHEIM;202205;15.8;;58.0;17452.0;18.1
STRASBOURG-ENTZHEIM;202206;100.7;;64.0;16933.0;21.1
STRASBOURG-ENTZHEIM;202207;14.8;;53.0;21265.0;22.4
STRASBOURG-ENTZHEIM;202208;47.1;;55.0;12203.0;23.2
STRASBOURG-ENTZHEIM;202209;86.6;;76.0;9046.0;16.4
STRASBOURG-ENTZHEIM;202210;76.5;;85.0;8096.0;15.4
STRASBOURG-ENTZHEIM;202211;83.6;;90.0;3271.0;8.9
STRASBOURG-ENTZHEIM;202212;37.5;;88.0;1897.0;3.7
STRASBOURG-ENTZHEIM;202301;35.3;;84.0;2663.0;5.1
STRASBOURG-ENTZHEIM;202302;7.2;;80.0;6245.0;5.1
STRASBOURG-ENTZHEIM;202303;40.5;;70.0;7158.0;8.8
STRASBOURG-ENTZHEIM;202304;44.4;;72.0;8671.0;10.4
STRASBOURG-ENTZHEIM;202305;36.3;;67.0;15082.0;16.3
STRASBOURG-ENTZHEIM;202306;26.0;;53.0;21454.0;21.9
STRASBOURG-ENTZHEIM;202307;74.4;;65.0;13095.0;21.4
STRASBOURG-ENTZHEIM;202308;64.4;;74.0;11704.0;21.4
STRASBOURG-ENTZHEIM;202309;20.6;;70.0;15862.0;20.3
STRASBOURG-ENTZHEIM;202310;78.3;;77.0;8099.0;14.1
STRASBOURG-ENTZHEIM;202311;81.0;;83.0;1942.0;7.8
STRASBOURG-ENTZHEIM;202312;32.6;;85.0;2162.0;6.1
STRASBOURG - BOTANIQUE;202001;17.6;;;;5.2
STRASBOURG - BOTANIQUE;202002;87.4;;;;8.3
STRASBOURG - BOTANIQUE;202003;56.9;;;;8.5
STRASBOURG - BOTANIQUE;202004;9.0;;;;14.6
STRASBOURG - BOTANIQUE;202005;50.4;;;;15.3
STRASBOURG - BOTANIQUE;202006;79.1;;;;19.1
STRASBOURG - BOTANIQUE;202007;15.6;;;;21.9
STRASBOURG - BOTANIQUE;202008;63.9;;;;23.0
STRASBOURG - BOTANIQUE;202009;27.2;;;;18.4
STRASBOURG - BOTANIQUE;202010;69.0;;;;12.2
STRASBOURG - BOTANIQUE;202011;15.0;;;;7.7
STRASBOURG - BOTANIQUE;202012;56.2;;;;5.4
STRASBOURG - BOTANIQUE;202101;128.7;;;;3.1
STRASBOURG - BOTANIQUE;202102;40.3;;;;5.8
STRASBOURG - BOTANIQUE;202103;35.6;;;;7.9
STRASBOURG - BOTANIQUE;202104;46.0;;;;9.6
STRASBOURG - BOTANIQUE;202105;82.5;;;;13.0
STRASBOURG - BOTANIQUE;202106;124.4;;;;21.2
STRASBOURG - BOTANIQUE;202107;148.2;;;;20.2
STRASBOURG - BOTANIQUE;202108;80.6;;;;19.1
STRASBOURG - BOTANIQUE;202109;17.8;;;;17.9
STRASBOURG - BOTANIQUE;202110;57.4;;;;11.5
STRASBOURG - BOTANIQUE;202111;27.0;;;;5.7
STRASBOURG - BOTANIQUE;202112;52.0;;;;5.4
STRASBOURG - BOTANIQUE;202201;29.2;;;;3.8
STRASBOURG - BOTANIQUE;202202;24.2;;;;7.2
STRASBOURG - BOTANIQUE;202203;11.4;;;;8.7
STRASBOURG - BOTANIQUE;202204;63.8;;;;11.0
STRASBOURG - BOTANIQUE;202205;12.8;;;;18.2
STRASBOURG - BOTANIQUE;202206;85.5;;;;21.6
STRASBOURG - BOTANIQUE;202207;11.8;;;;22.9
STRASBOURG - BOTANIQUE;202208;50.5;;;;23.7
STRASBOURG - BOTANIQUE;202209;113.5;;;;16.7
STRASBOURG - BOTANIQUE;202210;92.1;;;;15.8
STRASBOURG - BOTANIQUE;202211;94.9;;;;9.4
STRASBOURG - BOTANIQUE;202212;55.4;;;;4.4
STRASBOURG - BOTANIQUE;202301;34.8;;;;5.8
STRASBOURG - BOTANIQUE;202302;14.0;;;;5.7
STRASBOURG - BOTANIQUE;202303;50.2;;;;9.5
STRASBOURG - BOTANIQUE;202304;49.9;;;;10.8
STRASBOURG - BOTANIQUE;202305;37.3;;;;16.4
STRASBOURG - BOTANIQUE;202306;16.8;;;;22.2
STRASBOURG - BOTANIQUE;202307;95.9;;;;22.0
STRASBOURG - BOTANIQUE;202308;82.3;;;;21.5
STRASBOURG - BOTANIQUE;202309;25.2;;;;20.5
STRASBOURG - BOTANIQUE;202310;97.4;;;;14.6
STRASBOURG - BOTANIQUE;202311;115.9;;;;8.3
STRASBOURG - BOTANIQUE;202312;59.3;;;;6.5
LYON TETE D'OR;202001;21.6;;;;6.3
LYON TETE D'OR;202002;23.1;;;;9.1
LYON TETE D'OR;202003;26.9;;;;10.4
LYON TETE D'OR;202004;50.7;;;;16.1
LYON TETE D'OR;202005;52.2;;;;18.4
LYON TETE D'OR;202006;79.3;;;;20.2
LYON TETE D'OR;202007;32.5;;;;24.8
LYON TETE D'OR;202008;43.7;;;;24.8
LYON TETE D'OR;202009;48.7;;;;20.3
LYON TETE D'OR;202010;132.1;;;;13.1
LYON TETE D'OR;202011;16.8;;;;9.3
LYON TETE D'OR;202012;97.8;;;;6.6
LYON TETE D'OR;202101;60.5;;;;4.0
LYON TETE D'OR;202102;32.6;;;;8.9
LYON TETE D'OR;202103;33.3;;;;9.6
LYON TETE D'OR;202104;51.5;;;;12.1
LYON TETE D'OR;202105;174.7;;;;15.2
LYON TETE D'OR;202106;95.0;;;;22.8
LYON TETE D'OR;202107;166.9;;;;22.0
LYON TETE D'OR;202108;42.7;;;;21.5
LYON TETE D'OR;202109;61.9;;;;20.5
LYON TETE D'OR;202110;131.4;;;;13.2
LYON TETE D'OR;202111;32.4;;;;7.1
LYON TETE D'OR;202112;93.3;;;;5.2
LYON TETE D'OR;202201;23.4;;;;3.1
LYON TETE D'OR;202202;35.5;;;;7.8
LYON TETE D'OR;202203;27.8;;;;10.8
LYON TETE D'OR;202204;20.2;;;;13.3
LYON TETE D'OR;202205;18.0;;;;20.4
LYON TETE D'OR;202206;91.5;;;;24.1
LYON TETE D'OR;202207;2.6;;;;25.6
LYON TETE D'OR;202208;90.9;;;;25.8
LYON TETE D'OR;202209;104.1;;;;19.1
LYON TETE D'OR;202210;35.4;;;;17.8
LYON TETE D'OR;202211;72.0;;;;10.6
LYON TETE D'OR;202212;69.1;;;;6.5
LYON TETE D'OR;202301;30.8;;;;6.1
LYON TETE D'OR;202302;5.0;;;;6.6
LYON TETE D'OR;202303;71.2;;;;10.9
LYON TETE D'OR;202304;56.3;;;;12.7
LYON TETE D'OR;202305;35.0;;;;18.0
LYON TETE D'OR;202306;50.6;;;;23.7
LYON TETE D'OR;202307;42.6;;;;25.0
LYON TETE D'OR;202308;44.7;;;;25.1
LYON TETE D'OR;202309;79.9;;;;22.7
LYON TETE D'OR;202310;162.6;;;;17.0
LYON TETE D'OR;202311;93.4;;;;9.5
LYON TETE D'OR;202312;72.2;;;;6.7
LYON-FOURVIERE;202001;21.1;;;;5.9
LYON-FOURVIERE;202002;25.2;;;;8.9
LYON-FOURVIERE;202003;;27.0;;;9.9
LYON-FOURVIERE;202004;;41.0;;;15.1
LYON-FOURVIERE;202005;;65.0;;;17.2
LYON-FOURVIERE;202006;;68.0;;;20.1
LYON-FOURVIERE;202007;64.0;;;;23.9
LYON-FOURVIERE;202008;44.4;;;;24.1
LYON-FOURVIERE;202009;46.5;;;;20.1
LYON-FOURVIERE;202010;123.1;;;;12.8
LYON-FOURVIERE;202011;;16.0;;;9.5
LYON-FOURVIERE;202012;;95.0;;;6.1
LUXEMBOURG;202001;26.8;;;;7.5
LUXEMBOURG;202002;90.6;;;;9.9
LUXEMBOURG;202003;50.2;;;;9.9
LUXEMBOURG;202004;29.2;;;;15.9
LUXEMBOURG;202005;62.7;;;;17.2
LUXEMBOURG;202006;39.2;;;;19.5
LUXEMBOURG;202007;7.4;;;;21.4
LUXEMBOURG;202008;31.3;;;;23.3
LUXEMBOURG;202009;46.3;;;;19.9
LUXEMBOURG;202010;87.1;;;;13.6
LUXEMBOURG;202011;15.0;;;;10.9
LUXEMBOURG;202012;101.2;;;;7.4
LUXEMBOURG;202101;82.0;;;;5.5
LUXEMBOURG;202102;42.4;;;;7.8
LUXEMBOURG;202103;34.0;;;;9.8
LUXEMBOURG;202104;34.1;;;;10.9
LUXEMBOURG;202105;59.6;;;;14.1
LUXEMBOURG;202106;107.1;;;;20.7
LUXEMBOURG;202107;82.0;;;;20.8
LUXEMBOURG;202108;22.4;;;;20.0
LUXEMBOURG;202109;81.8;;;;19.7
LUXEMBOURG;202110;80.1;;;;13.8
LUXEMBOURG;202111;25.6;;;;8.1
LUXEMBOURG;202112;70.3;;;;7.8
LUXEMBOURG;202201;54.3;;;;5.9
LUXEMBOURG;202202;28.7;;;;9.1
LUXEMBOURG;202203;25.4;;;;11.0
LUXEMBOURG;202204;48.2;;;;12.8
LUXEMBOURG;202205;20.5;;;;18.1
LUXEMBOURG;202206;71.9;;;;20.6
LUXEMBOURG;202207;8.6;;;;22.9
LUXEMBOURG;202208;52.2;;;;23.6
LUXEMBOURG;202209;45.6;;;;18.0
LUXEMBOURG;202210;46.1;;;;16.9
LUXEMBOURG;202211;43.6;;;;11.0
LUXEMBOURG;202212;48.4;;;;5.9
LUXEMBOURG;202301;49.3;;;;6.9
LUXEMBOURG;202302;2.4;;;;8.1
LUXEMBOURG;202303;58.3;;;;10.4
LUXEMBOURG;202304;63.4;;;;12.0
LUXEMBOURG;202305;62.5;;;;16.5
LUXEMBOURG;202306;47.2;;;;22.5
LUXEMBOURG;202307;96.7;;;;21.3
LUXEMBOURG;202308;73.1;;;;21.2
LUXEMBOURG;202309;52.0;;;;21.7
LUXEMBOURG;202310;81.7;;;;16.2
LUXEMBOURG;202311;101.3;;;;10.3
LUXEMBOURG;202312;61.9;;;;8.6
TOUR EIFFEL;202001;;;;;5.7
TOUR EIFFEL;202002;;;;;7.5
TOUR EIFFEL;202003;;;;;6.8
TOUR EIFFEL;202004;;;;;13.8
TOUR EIFFEL;202005;;;;;14.7
TOUR EIFFEL;202006;;;;;17.1
TOUR EIFFEL;202007;;;;;18.5
TOUR EIFFEL;202008;;;;;20.8
TOUR EIFFEL;202009;;;;;17.5
TOUR EIFFEL;202010;;;;;10.8
TOUR EIFFEL;202011;;;;;9.1
TOUR EIFFEL;202012;;;;;5.4
TOUR EIFFEL;202101;;;;;3.4
TOUR EIFFEL;202102;;;;;4.9
TOUR EIFFEL;202104;;;;;10.0
TOUR EIFFEL;202105;;;;;11.5
TOUR EIFFEL;202106;;;;;18.6
TOUR EIFFEL;202107;;;;;18.5
TOUR EIFFEL;202108;;;;;17.5
TOUR EIFFEL;202109;;;;;18.0
TOUR EIFFEL;202110;;;;;12.2
TOUR EIFFEL;202111;;;;;6.4
TOUR EIFFEL;202112;;;;;6.2
TOUR EIFFEL;202201;;;;;4.2
TOUR EIFFEL;202202;;;;;6.7
TOUR EIFFEL;202203;;;;;9.3
TOUR EIFFEL;202204;;;;;10.0
TOUR EIFFEL;202205;;;;;15.4
TOUR EIFFEL;202206;;;;;18.6
TOUR EIFFEL;202207;;;;;21.2
TOUR EIFFEL;202208;;;;;21.8
TOUR EIFFEL;202209;;;;;16.1
TOUR EIFFEL;202210;;;;;15.4
TOUR EIFFEL;202211;;;;;9.1
TOUR EIFFEL;202212;;;;;4.1
TOUR EIFFEL;202301;;;;;4.7
TOUR EIFFEL;202302;;;;;6.2
TOUR EIFFEL;202303;;;;;7.9
TOUR EIFFEL;202304;;;;;9.1
TOUR EIFFEL;202305;;;;;13.3
TOUR EIFFEL;202306;;;;;20.2
TOUR EIFFEL;202307;;;;;19.1
TOUR EIFFEL;202308;;;;;18.9
TOUR EIFFEL;202309;;;;;20.6
TOUR EIFFEL;202310;;;;;15.0
TOUR EIFFEL;202311;;;;;8.1
TOUR EIFFEL;202312;;;;;6.7
LARIBOISIERE;202001;24.4;;;;7.5
LARIBOISIERE;202002;86.2;;;;9.9
LARIBOISIERE;202003;51.2;;;;9.6
LARIBOISIERE;202004;21.9;;;;15.9
LARIBOISIERE;202005;50.2;;;;16.8
LARIBOISIERE;202006;40.2;;;;19.6
LARIBOISIERE;202007;7.4;;;;21.4
LARIBOISIERE;202008;24.4;;;;23.6
LARIBOISIERE;202009;44.3;;;;19.8
LARIBOISIERE;202010;68.7;;;;13.4
LARIBOISIERE;202011;11.0;;;;11.0
LARIBOISIERE;202012;100.0;;;;7.7
LARIBOISIERE;202101;95.5;;;;5.7
LARIBOISIERE;202102;40.7;;;;7.9
LARIBOISIERE;202103;34.2;;;;10.0
LARIBOISIERE;202104;39.0;;;;10.8
LARIBOISIERE;202105;63.4;;;;14.3
LARIBOISIERE;202106;107.1;;;;21.2
LARIBOISIERE;202107;105.1;;;;21.1
LARIBOISIERE;202108;19.1;;;;20.2
LARIBOISIERE;202109;97.3;;;;19.8
LARIBOISIERE;202110;67.9;;;;14.0
LARIBOISIERE;202111;26.4;;;;8.5
LARIBOISIERE;202112;75.2;;;;8.3
LARIBOISIERE;202201;52.7;;;;6.4
LARIBOISIERE;202202;20.1;;;;9.3
LARIBOISIERE;202203;23.2;;;;11.3
LARIBOISIERE;202204;47.2;;;;12.7
LARIBOISIERE;202205;23.6;;;;18.6
LARIBOISIERE;202206;76.8;;;;21.4
LARIBOISIERE;202207;9.2;;;;24.0
LARIBOISIERE;202208;44.9;;;;24.1
LARIBOISIERE;202209;49.6;;;;18.3
LARIBOISIERE;202210;37.3;;;;17.2
LARIBOISIERE;202211;37.8;;;;11.1
LARIBOISIERE;202212;39.4;;;;6.4
LARIBOISIERE;202301;40.5;;;;7.3
LARIBOISIERE;202302;1.2;;;;8.3
LARIBOISIERE;202303;36.8;;;;10.5
LARIBOISIERE;202304;64.0;;;;11.8
LARIBOISIERE;202305;71.7;;;;16.2
LARIBOISIERE;202306;62.4;;;;23.1
LARIBOISIERE;202307;118.1;;;;22.0
LARIBOISIERE;202308;72.8;;;;21.6
LARIBOISIERE;202309;44.9;;;;22.2
LARIBOISIERE;202310;74.4;;;;16.5
LARIBOISIERE;202311;93.7;;;;10.6
LARIBOISIERE;202312;49.6;;;;9.0
ILE DE BERCY;202001;28.6;;;;
ILE DE BERCY;202002;;90.0;;;
ILE DE BERCY;202003;52.7;;;;
ILE DE BERCY;202004;32.8;;;;
ILE DE BERCY;202005;49.2;;;;
ILE DE BERCY;202006;48.3;;;;
ILE DE BERCY;202007;4.5;;;;
ILE DE BERCY;202008;40.2;;;;
ILE DE BERCY;202009;55.9;;;;
ILE DE BERCY;202010;89.5;;;;
ILE DE BERCY;202011;15.0;;;;
ILE DE BERCY;202012;111.7;;;;
ILE DE BERCY;202101;87.5;;;;
ILE DE BERCY;202102;51.3;;;;
ILE DE BERCY;202103;30.8;;;;
ILE DE BERCY;202104;27.9;;;;
ILE DE BERCY;202105;61.2;;;;
ILE DE BERCY;202106;;110.0;;;
ILE DE BERCY;202107;101.6;;;;
ILE DE BERCY;202108;15.1;;;;
ILE DE BERCY;202109;72.7;;;;
ILE DE BERCY;202110;75.8;;;;
ILE DE BERCY;202111;32.8;;;;
ILE DE BERCY;202112;86.2;;;;
ST-ANTOINE;202001;24.0;;;;
ST-ANTOINE;202002;83.5;;;;
ST-ANTOINE;202003;48.1;;;;
ST-ANTOINE;202004;24.9;;;;
ST-ANTOINE;202005;54.2;;;;
ST-ANTOINE;202006;37.8;;;;
ST-ANTOINE;202007;6.8;;;;
ST-ANTOINE;202008;25.7;;;;
ST-ANTOINE;202009;52.4;;;;
ST-ANTOINE;202010;71.5;;;;
ST-ANTOINE;202011;12.2;;;;
ST-ANTOINE;202012;99.4;;;;
ST-ANTOINE;202101;87.8;;;;
ST-ANTOINE;202102;42.8;;;;
ST-ANTOINE;202103;30.1;;;;
ST-ANTOINE;202104;33.9;;;;
ST-ANTOINE;202105;57.8;;;;
ST-ANTOINE;202106;104.7;;;;
ST-ANTOINE;202107;110.1;;;;
ST-ANTOINE;202108;20.5;;;;
ST-ANTOINE;202109;72.8;;;;
ST-ANTOINE;202110;80.5;;;;
ST-ANTOINE;202111;28.4;;;;
ST-ANTOINE;202112;78.3;;;;
ST-ANTOINE;202201;55.5;;;;
ST-ANTOINE;202202;23.9;;;;
ST-ANTOINE;202203;20.0;;;;
ST-ANTOINE;202204;55.7;;;;
ST-ANTOINE;202205;19.5;;;;
ST-ANTOINE;202206;79.3;;;;
ST-ANTOINE;202207;8.7;;;;
ST-ANTOINE;202208;53.9;;;;
ST-ANTOINE;202209;45.0;;;;
ST-ANTOINE;202210;48.7;;;;
ST-ANTOINE;202211;44.7;;;;
ST-ANTOINE;202212;47.9;;;;
ST-ANTOINE;202301;46.6;;;;
SALPETRIERE;202001;29.7;;;;
SALPETRIERE;202002;86.6;;;;
SALPETRIERE;202003;55.4;;;;
SALPETRIERE;202004;36.6;;;;
SALPETRIERE;202005;65.0;;;;
SALPETRIERE;202006;49.4;;;;
SALPETRIERE;202007;7.2;;;;
SALPETRIERE;202008;31.8;;;;
SALPETRIERE;202009;51.9;;;;
SALPETRIERE;202010;84.6;;;;
SALPETRIERE;202011;17.6;;;;
SALPETRIERE;202012;117.2;;;;
SALPETRIERE;202101;98.6;;;;
SALPETRIERE;202102;46.2;;;;
SALPETRIERE;202103;32.4;;;;
SALPETRIERE;202104;31.0;;;;
SALPETRIERE;202105;63.4;;;;
SALPETRIERE;202106;117.1;;;;
SALPETRIERE;202107;109.3;;;;
SALPETRIERE;202108;19.0;;;;
SALPETRIERE;202109;70.3;;;;
SALPETRIERE;202110;77.8;;;;
SALPETRIERE;202111;28.9;;;;
SALPETRIERE;202112;81.5;;;;
SALPETRIERE;202201;58.7;;;;
SALPETRIERE;202202;28.6;;;;
SALPETRIERE;202203;26.8;;;;
SALPETRIERE;202204;53.7;;;;
SALPETRIERE;202205;19.4;;;;
SALPETRIERE;202206;78.0;;;;
SALPETRIERE;202207;8.8;;;;
SALPETRIERE;202208;60.1;;;;
SALPETRIERE;202209;54.8;;;;
SALPETRIERE;202210;49.2;;;;
SALPETRIERE;202211;45.2;;;;
SALPETRIERE;202212;51.1;;;;
PARIS-MONTSOURIS;202001;28.4;;84.0;5132.0;7.1
PARIS-MONTSOURIS;202002;90.9;;77.0;5410.0;9.4
PARIS-MONTSOURIS;202003;56.2;;67.0;9794.0;9.3
PARIS-MONTSOURIS;202004;29.5;;55.0;15763.0;15.7
PARIS-MONTSOURIS;202005;57.2;;56.0;18858.0;16.8
PARIS-MONTSOURIS;202006;47.0;;63.0;12232.0;19.2
PARIS-MONTSOURIS;202007;8.3;;56.0;16789.0;21.1
PARIS-MONTSOURIS;202008;43.0;;60.0;13215.0;22.9
PARIS-MONTSOURIS;202009;52.8;;65.0;12896.0;19.3
PARIS-MONTSOURIS;202010;94.6;;80.0;5153.0;12.9
PARIS-MONTSOURIS;202011;17.2;;79.0;7119.0;10.4
PARIS-MONTSOURIS;202012;118.8;;84.0;2410.0;7.1
PARIS-MONTSOURIS;202101;90.7;;80.0;2937.0;5.2
PARIS-MONTSOURIS;202102;49.9;;71.0;6241.0;7.2
PARIS-MONTSOURIS;202103;37.4;;63.0;11233.0;9.3
PARIS-MONTSOURIS;202104;31.2;;55.0;14919.0;10.4
PARIS-MONTSOURIS;202105;64.3;;65.0;11295.0;13.7
PARIS-MONTSOURIS;202106;111.9;;67.0;12965.0;20.5
PARIS-MONTSOURIS;202107;78.0;;67.0;11351.0;20.5
PARIS-MONTSOURIS;202108;21.5;;67.0;10165.0;19.6
PARIS-MONTSOURIS;202109;57.3;;70.0;12886.0;19.3
PARIS-MONTSOURIS;202110;80.3;;78.0;10087.0;13.2
PARIS-MONTSOURIS;202111;27.6;;84.0;5475.0;7.6
PARIS-MONTSOURIS;202112;77.3;;86.0;3606.0;7.6
PARIS-MONTSOURIS;202201;61.5;;84.0;4393.0;5.6
PARIS-MONTSOURIS;202202;30.2;;74.0;7163.0;8.4
PARIS-MONTSOURIS;202203;23.0;;62.0;11526.0;10.7
PARIS-MONTSOURIS;202204;56.0;;61.0;13393.0;12.3
PARIS-MONTSOURIS;202205;16.3;;61.0;15103.0;17.8
PARIS-MONTSOURIS;202206;77.5;;62.0;16292.0;20.5
PARIS-MONTSOURIS;202207;8.6;;53.0;20236.0;23.0
PARIS-MONTSOURIS;202208;70.2;;57.0;17046.0;23.3
PARIS-MONTSOURIS;202209;49.3;;71.0;9575.0;17.5
PARIS-MONTSOURIS;202210;49.2;;80.0;8688.0;16.3
PARIS-MONTSOURIS;202211;49.6;;85.0;4667.0;10.2
PARIS-MONTSOURIS;202212;52.0;;84.0;3043.0;5.7
PARIS-MONTSOURIS;202301;53.6;;82.0;2487.0;6.5
PARIS-MONTSOURIS;202302;1.6;;73.0;7944.0;7.5
PARIS-MONTSOURIS;202303;70.3;;70.0;5970.0;10.0
PARIS-MONTSOURIS;202304;65.7;;69.0;8995.0;11.5
PARIS-MONTSOURIS;202305;57.3;;67.0;15323.0;16.1
PARIS-MONTSOURIS;202306;37.6;;57.0;17960.0;22.4
PARIS-MONTSOURIS;202307;106.7;;61.0;13442.0;21.2
PARIS-MONTSOURIS;202308;62.6;;70.0;11085.0;20.8
PARIS-MONTSOURIS;202309;39.9;;69.0;12374.0;21.4
PARIS-MONTSOURIS;202310;89.2;;77.0;8927.0;15.6
PARIS-MONTSOURIS;202311;94.2;;83.0;4571.0;9.8
PARIS-MONTSOURIS;202312;60.3;;84.0;2530.0;8.1
PARIS-MONTSOURIS-DOUBLE;202001;;;;;7.0
PARIS-MONTSOURIS-DOUBLE;202002;;;;;9.3
PARIS-MONTSOURIS-DOUBLE;202003;;;;;9.2
PARIS-MONTSOURIS-DOUBLE;202004;;;;;15.4
PARIS-MONTSOURIS-DOUBLE;202005;;;;;16.5
PARIS-MONTSOURIS-DOUBLE;202006;;;;;19.0
PARIS-MONTSOURIS-DOUBLE;202007;;;;;20.8
PARIS-MONTSOURIS-DOUBLE;202008;;;;;22.6
PARIS-MONTSOURIS-DOUBLE;202009;;;;;19.0
PARIS-MONTSOURIS-DOUBLE;202010;;;;;12.8
PARIS-MONTSOURIS-DOUBLE;202011;;;;;10.4
PARIS-MONTSOURIS-DOUBLE;202012;;;;;7.1
PARIS-MONTSOURIS-DOUBLE;202101;;;;;5.1
PARIS-MONTSOURIS-DOUBLE;202102;;;;;7.1
PARIS-MONTSOURIS-DOUBLE;202103;;;;;9.0
PARIS-MONTSOURIS-DOUBLE;202104;;;;;10.1
PARIS-MONTSOURIS-DOUBLE;202105;;;;;13.5
PARIS-MONTSOURIS-DOUBLE;202106;;;;;20.2
PARIS-MONTSOURIS-DOUBLE;202107;;;;;20.3
PARIS-MONTSOURIS-DOUBLE;202108;;;;;19.2
PARIS-MONTSOURIS-DOUBLE;202109;;;;;19.0
PARIS-MONTSOURIS-DOUBLE;202110;;;;;13.1
PARIS-MONTSOURIS-DOUBLE;202111;;;;;7.7
PARIS-MONTSOURIS-DOUBLE;202112;;;;;7.5
PARIS-MONTSOURIS-DOUBLE;202201;;;;;5.6
PARIS-MONTSOURIS-DOUBLE;202202;;;;;8.3
PARIS-MONTSOURIS-DOUBLE;202203;;;;;10.5
PARIS-MONTSOURIS-DOUBLE;202204;;;;;12.0
PARIS-MONTSOURIS-DOUBLE;202205;;;;;17.4
PARIS-MONTSOURIS-DOUBLE;202206;;;;;20.2
PARIS-MONTSOURIS-DOUBLE;202207;;;;;22.7
PARIS-MONTSOURIS-DOUBLE;202208;;;;;23.1
PARIS-MONTSOURIS-DOUBLE;202209;;;;;17.3
PARIS-MONTSOURIS-DOUBLE;202210;;;;;16.2
PARIS-MONTSOURIS-DOUBLE;202211;;;;;10.2
PARIS-MONTSOURIS-DOUBLE;202212;;;;;5.6
PARIS-MONTSOURIS-DOUBLE;202301;;;;;6.4
PARIS-MONTSOURIS-DOUBLE;202302;;;;;7.4
PARIS-MONTSOURIS-DOUBLE;202303;;;;;9.8
PARIS-MONTSOURIS-DOUBLE;202304;;;;;11.2
PARIS-MONTSOURIS-DOUBLE;202305;;;;;15.7
PARIS-MONTSOURIS-DOUBLE;202306;;;;;22.1
PARIS-MONTSOURIS-DOUBLE;202307;;;;;21.0
PARIS-MONTSOURIS-DOUBLE;202308;;;;;20.5
PARIS-MONTSOURIS-DOUBLE;202309;;;;;21.1
PARIS-MONTSOURIS-DOUBLE;202310;;;;;15.5
PARIS-MONTSOURIS-DOUBLE;202311;;;;;9.8
PARIS-MONTSOURIS-DOUBLE;202312;;;;;8.1
BAGATELLE;202001;32.1;;;;
BAGATELLE;202002;93.6;;;;
BAGATELLE;202003;;50.0;;;
BAGATELLE;202004;;20.0;;;
BAGATELLE;202006;29.0;;;;
BAGATELLE;202007;4.4;;;;
BAGATELLE;202008;38.7;;;;
BAGATELLE;202009;47.6;;;;
BAGATELLE;202010;83.8;;;;
BAGATELLE;202011;17.6;;;;
BAGATELLE;202012;112.7;;;;
BAGATELLE;202101;87.7;;;;
BAGATELLE;202102;47.6;;;;
BAGATELLE;202103;37.4;;;;
BAGATELLE;202104;;36.0;;;
BAGATELLE;202105;63.3;;;;
BAGATELLE;202106;133.6;;;;
BAGATELLE;202107;82.0;;;;
BAGATELLE;202108;29.0;;;;
BAGATELLE;202109;52.7;;;;
BAGATELLE;202110;79.8;;;;
BAGATELLE;202111;29.2;;;;
BAGATELLE;202112;70.2;;;;
BAGATELLE;202201;61.1;;;;
BAGATELLE;202202;25.3;;;;
BAGATELLE;202203;17.6;;;;
BAGATELLE;202204;;50.0;;;
LONGCHAMP;202001;27.6;;85.0;5173.0;6.6
LONGCHAMP;202002;87.0;;77.0;5096.0;9.4
LONGCHAMP;202003;43.4;;70.0;9232.0;8.8
LONGCHAMP;202004;19.6;;64.0;15833.0;13.4
LONGCHAMP;202005;73.5;;63.0;18640.0;15.0
LONGCHAMP;202006;28.6;;66.0;12520.0;18.3
LONGCHAMP;202007;4.4;;58.0;16247.0;20.2
LONGCHAMP;202008;30.7;;64.0;12872.0;22.0
LONGCHAMP;202009;42.8;;68.0;12681.0;18.4
LONGCHAMP;202010;68.3;;81.0;5277.0;13.0
LONGCHAMP;202011;13.4;;84.0;7003.0;9.5
LONGCHAMP;202012;94.6;;87.0;2655.0;6.9
LONGCHAMP;202101;77.8;;85.0;2857.0;4.9
LONGCHAMP;202102;37.6;;75.0;6440.0;6.8
LONGCHAMP;202103;33.8;;71.0;10894.0;8.0
LONGCHAMP;202104;36.0;;64.0;14715.0;8.6
LONGCHAMP;202105;59.2;;70.0;11791.0;12.6
LONGCHAMP;202106;133.8;;74.0;13096.0;19.2
LONGCHAMP;202107;77.7;;73.0;11839.0;19.5
LONGCHAMP;202108;27.3;;74.0;9787.0;18.8
LONGCHAMP;202109;51.4;;78.0;12695.0;18.2
LONGCHAMP;202110;72.1;;84.0;10122.0;12.0
LONGCHAMP;202111;25.6;;87.0;5839.0;7.1
LONGCHAMP;202112;58.6;;87.0;3522.0;7.2
LONGCHAMP;202201;56.6;;87.0;4385.0;4.9
LONGCHAMP;202202;25.8;;76.0;7021.0;7.7
LONGCHAMP;202203;15.4;;69.0;10772.0;9.0
LONGCHAMP;202204;45.0;;67.0;13066.0;11.0
LONGCHAMP;202205;18.9;;68.0;14803.0;16.2
LONGCHAMP;202206;69.5;;67.0;16177.0;19.2
LONGCHAMP;202207;3.8;;58.0;19636.0;21.5
LONGCHAMP;202208;34.0;;61.0;16576.0;22.0
LONGCHAMP;202209;39.8;;73.0;9585.0;16.7
LONGCHAMP;202210;29.0;;82.0;8735.0;15.5
LONGCHAMP;202211;38.2;;85.0;5425.0;10.1
LONGCHAMP;202212;32.0;;84.0;2857.0;5.6
LONGCHAMP;202301;40.0;;82.0;2570.0;6.4
LONGCHAMP;202302;1.2;;76.0;7417.0;6.6
LONGCHAMP;202303;45.6;;72.0;6406.0;9.6
LONGCHAMP;202304;46.2;;73.0;9261.0;10.2
LONGCHAMP;202305;46.2;;71.0;14850.0;15.0
LONGCHAMP;202306;48.5;;62.0;18530.0;21.1
LONGCHAMP;202307;91.6;;65.0;13497.0;20.5
LONGCHAMP;202308;68.1;;74.0;11223.0;19.9
LONGCHAMP;202309;53.0;;74.0;12543.0;20.1
LONGCHAMP;202310;76.1;;79.0;9123.0;14.7
LONGCHAMP;202311;87.9;;83.0;4539.0;9.5
LONGCHAMP;202312;53.0;;82.0;3165.0;8.2
BUTTES CHAUMONT;202001;27.6;;;;
BUTTES CHAUMONT;202002;91.0;;;;
BUTTES CHAUMONT;202003;53.8;;;;
BUTTES CHAUMONT;202004;;20.0;;;
BUTTES CHAUMONT;202005;56.1;;;;
BUTTES CHAUMONT;202006;45.0;;;;
BUTTES CHAUMONT;202007;10.8;;;;
BUTTES CHAUMONT;202008;17.6;;;;
BUTTES CHAUMONT;202009;45.4;;;;
BUTTES CHAUMONT;202010;86.4;;;;
BUTTES CHAUMONT;202011;16.7;;;;
BUTTES CHAUMONT;202012;105.6;;;;
BUTTES CHAUMONT;202101;102.3;;;;
BUTTES CHAUMONT;202102;47.7;;;;
BUTTES CHAUMONT;202103;33.0;;;;
BUTTES CHAUMONT;202104;36.5;;;;
BUTTES CHAUMONT;202105;71.0;;;;
BUTTES CHAUMONT;202106;104.9;;;;
BUTTES CHAUMONT;202107;120.6;;;;
BUTTES CHAUMONT;202108;20.6;;;;
BUTTES CHAUMONT;202109;93.4;;;;
BUTTES CHAUMONT;202110;80.3;;;;
BUTTES CHAUMONT;202111;32.9;;;;
BUTTES CHAUMONT;202112;87.3;;;;
BUTTES CHAUMONT;202201;61.4;;;;
BUTTES CHAUMONT;202202;25.0;;;;
BUTTES CHAUMONT;202203;23.9;;;;
BUTTES CHAUMONT;202204;47.4;;;;
BUTTES CHAUMONT;202205;21.8;;;;
BUTTES CHAUMONT;202206;87.7;;;;
BUTTES CHAUMONT;202207;10.6;;;;
BUTTES CHAUMONT;202208;51.9;;;;
BUTTES CHAUMONT;202209;63.2;;;;
BUTTES CHAUMONT;202210;44.4;;;;
BUTTES CHAUMONT;202211;46.5;;;;
BUTTES CHAUMONT;202212;50.9;;;;
BUTTES CHAUMONT;202301;49.4;;;;
